Id,FirstName,LastName,BirthDate,Gender,BloodGroup,PostCode,LastDonatedDate,RequestSentCount,PositiveResponseCount,ActualDonationCount,PositiveDonationRatio,ActualDonationRation,MobileNumber
1,dfname1,dlname1,1986-10-22,Male,A+,400001,2014-10-21,0,0,0,0,0,123456789
2,dfname2,dlname2,1962-01-07,Male,A-,400001,2014-08-24,0,0,0,0,0,123456789
3,dfname3,dlname3,1980-11-01,Male,B+,400002,2014-12-29,0,0,0,0,0,123456789
4,dfname4,dlname4,1968-12-06,Male,B-,400002,2014-11-28,0,0,0,0,0,123456789
5,dfname5,dlname5,1984-09-24,Male,AB+,400004,2014-05-23,0,0,0,0,0,123456789
6,dfname6,dlname6,1962-11-13,Male,AB-,400007,2015-01-26,0,0,0,0,0,123456789
7,dfname7,dlname7,1964-10-27,Male,O+,400007,2014-08-15,0,0,0,0,0,123456789
8,dfname8,dlname8,1987-10-26,Male,O-,400007,2014-05-03,0,0,0,0,0,123456789
9,dfname9,dlname9,1976-07-17,Male,A+,400010,2014-08-09,0,0,0,0,0,123456789
10,dfname10,dlname10,1990-01-02,Male,A-,400005,2014-08-07,0,0,0,0,0,123456789
11,dfname11,dlname11,1976-10-23,Male,B+,400001,2014-10-05,0,0,0,0,0,123456789
12,dfname12,dlname12,1974-09-16,Male,B-,400002,2014-09-12,0,0,0,0,0,123456789
13,dfname13,dlname13,1970-03-04,Male,AB+,400003,2014-11-13,0,0,0,0,0,123456789
14,dfname14,dlname14,1970-10-29,Male,AB-,400004,2014-08-18,0,0,0,0,0,123456789
15,dfname15,dlname15,1976-10-03,Male,O+,400010,2014-10-08,0,0,0,0,0,123456789
16,dfname16,dlname16,1984-08-04,Male,O-,400012,2015-01-29,0,0,0,0,0,123456789
17,dfname17,dlname17,1931-09-18,Male,A+,400010,2014-11-12,0,0,0,0,0,123456789
18,dfname18,dlname18,1999-07-16,Male,A-,400001,2014-05-03,0,0,0,0,0,123456789
19,dfname19,dlname19,1998-01-07,Male,B+,400003,2014-08-07,0,0,0,0,0,123456789
20,dfname20,dlname20,1937-04-18,Male,B-,400004,2014-04-21,0,0,0,0,0,123456789
21,dfname21,dlname21,1965-03-22,Male,AB+,400604,2014-04-10,19,10,3,52.63,30,123456789
22,dfname22,dlname22,1975-05-26,Male,AB-,400605,2014-07-21,63,20,10,31.75,50,123456789
23,dfname23,dlname23,1973-06-18,Female,O+,400603,2014-06-16,14,6,1,42.86,16.67,123456789
24,dfname24,dlname24,1990-05-24,Male,O-,400080,2014-09-14,188,50,24,26.6,48,123456789
25,dfname25,dlname25,1983-02-24,Male,A+,400081,2015-01-16,121,70,30,57.85,42.86,123456789
26,dfname26,dlname26,1959-10-14,Male,A-,400082,2014-06-08,179,28,10,15.64,35.71,123456789
27,dfname27,dlname27,1982-03-23,Male,B+,400080,2014-06-17,61,15,9,24.59,60,123456789
28,dfname28,dlname28,1962-10-19,Male,B-,400605,2014-04-16,182,47,17,25.82,36.17,123456789
29,dfname29,dlname29,1965-08-11,Male,AB+,400605,2015-01-04,123,28,23,22.76,82.14,123456789
30,dfname30,dlname30,1984-10-08,Male,AB-,400081,2014-08-12,74,44,19,59.46,43.18,123456789
31,dfname31,dlname31,1989-07-30,Male,O+,400082,2014-06-22,84,27,4,32.14,14.81,123456789
32,dfname32,dlname32,1968-01-07,Male,O-,400080,2014-04-06,22,22,5,100,22.73,123456789
33,dfname33,dlname33,1977-01-29,Male,A+,400080,2014-04-25,18,18,2,100,11.11,123456789
34,dfname34,dlname34,1988-04-29,Female,A-,400082,2014-06-25,42,21,1,50,4.76,123456789
35,dfname35,dlname35,1980-01-13,Male,B+,400080,2014-09-07,14,1,1,7.14,100,123456789
36,dfname36,dlname36,1980-01-18,Male,B-,400082,2015-01-27,12,2,0,16.67,0,123456789
37,dfname37,dlname37,1978-01-15,Male,AB+,400603,2014-12-19,85,43,20,50.59,46.51,123456789
38,dfname38,dlname38,1978-03-20,Male,AB-,400604,2014-09-14,26,5,2,19.23,40,123456789
39,dfname39,dlname39,1979-12-18,Male,O+,400603,2015-01-28,56,6,5,10.71,83.33,123456789
40,dfname40,dlname40,1978-02-04,Male,O-,400604,2014-05-21,68,45,31,66.18,68.89,123456789
41,dfname41,dlname41,1979-09-25,Male,A+,400086,2014-10-24,146,69,39,47.26,56.52,123456789
42,dfname42,dlname42,1978-08-13,Female,A-,400087,2015-01-27,160,90,48,56.25,53.33,123456789
43,dfname43,dlname43,1978-09-17,Male,B+,400086,2014-10-15,90,41,5,45.56,12.2,123456789
44,dfname44,dlname44,1991-05-14,Male,B-,400087,2014-05-21,18,7,1,38.89,14.29,123456789
45,dfname45,dlname45,1936-07-14,Male,AB+,400086,2014-12-12,43,8,5,18.6,62.5,123456789
46,dfname46,dlname46,2007-07-27,Male,AB-,400087,2014-11-22,33,5,0,15.15,0,123456789
47,dfname47,dlname47,1944-12-08,Male,O+,400086,2014-04-06,48,20,6,41.67,30,123456789
48,dfname48,dlname48,2008-04-02,Male,O-,400087,2014-06-26,57,16,3,28.07,18.75,123456789
49,dfname49,dlname49,2017-01-30,Male,A+,400086,2014-08-31,146,63,22,43.15,34.92,123456789
50,dfname50,dlname50,1942-12-17,Male,A-,400087,2014-08-24,167,25,13,14.97,52,123456789
